Symbol,Name,Last,Industry,Latest Earnings,1Y IV,Market Cap,Volume,Options Vol,Total OI,run_date,run_timestamp,IV_short,IV_long,skew_z,momentum,rv_10,rv_20,rv_60,mom_10,mom_30,mom_60
SNV,Synovus Financial Corp,46.55,Banks - Southeast,2025-07-16,36.35%,6471055000.0,3396300.0,46731.0,53936.0,2025-08-04,2025-08-04 08:52:51.007273,,,,,0.7899658922398852,0.6055522316246421,0.4366303116907528,-0.16487262289199867,-0.028589315525876513,0.04278673835125435
ALGN,Align Technology,136.52,Medical - Dental Suppliers,2025-07-30,48.36%,9895652000.0,7978300.0,20958.0,58456.0,2025-08-04,2025-08-04 08:52:51.007273,,,,,2.3898728648450307,1.6753021351356983,1.003291722519235,-0.28437385333123655,-0.24159768901727674,-0.21118622522678676
FIVN,Five9 Inc,24.28,Internet - Software,2025-07-31,62.89%,1851884000.0,6301800.0,47791.0,87066.0,2025-08-04,2025-08-04 08:52:51.007273,,,,,0.5530617235617971,0.5214084026338577,0.4591596655285316,-0.09873793615441717,-0.11257309941520466,-0.022150624244865025
ACN,Accenture Plc,255.37,IT Services,2025-09-25,26.48%,159945632000.0,6042400.0,32600.0,105512.0,2025-08-04,2025-08-04 08:52:51.007273,,,,,0.2901674698731888,0.26357206002208383,0.2816818944656769,-0.09584336496246992,-0.1664925909001893,-0.1594140882159315
FLR,Fluor Corp,41.42,Engineering & R&D Services,2025-08-01,44.09%,6820424000.0,25544500.0,56103.0,151427.0,2025-08-04,2025-08-04 08:52:51.007273,,,,,1.6143281202072195,1.1537690491630233,0.7840634223638242,-0.2462238398544131,-0.17226219024780176,0.17972087724295083
BBWI,Bath & Body Works Inc,28.17,Retail - Misc & Diversified,2025-08-27,48.67%,5961110000.0,8824500.0,60972.0,160523.0,2025-08-04,2025-08-04 08:52:51.007273,,,,,0.3788555597253952,0.3560964240602784,0.4400985380235511,-0.11359345500314666,0.018438177874186668,-0.05691329092735187
AEM,Agnico-Eagle Mines Ltd,125.22,Mining - Gold,2025-07-30,34.30%,62960864000.0,3800100.0,25676.0,162260.0,2025-08-04,2025-08-04 08:52:51.007273,,,,,0.3948549310028653,0.3512238715104254,0.39102459624426733,0.06362014779580383,0.02095393395841816,0.05112062452782684
IOT,Samsara Inc Cl A,36.01,Internet - Software,2025-09-04,58.26%,20501212000.0,4417700.0,21480.0,207741.0,2025-08-04,2025-08-04 08:52:51.007273,,,,,0.3815246407340867,0.3413782267574232,0.3699628537488088,-0.08231396534148838,-0.06926854484362888,-0.13019323671497585
EBAY,Ebay Inc,91.74,Internet Commerce,2025-07-30,28.75%,42292140000.0,11878200.0,27646.0,217881.0,2025-08-04,2025-08-04 08:52:51.007273,,,,,0.889205766707667,0.6300368329048085,0.38946045539931057,0.17404658305605314,0.18328389010705526,0.30386583285957935
NET,Cloudflare Inc Cl A,200.11,Internet - Software,2025-07-31,52.25%,69360128000.0,6449300.0,51123.0,224045.0,2025-08-04,2025-08-04 08:52:51.007273,,,,,0.38828316541976216,0.3822284030712845,0.3876049236655602,0.013985305295161066,0.10314222712238141,0.6363562024695397
MDB,Mongodb Inc Cl A,220.97,Internet - Software,2025-09-04,58.45%,18056340000.0,3020800.0,26239.0,225961.0,2025-08-04,2025-08-04 08:52:51.007273,,,,,0.49407011520025884,0.45688142513244756,0.4354648614290169,-0.001084941910401871,0.08239039921626246,0.2830681686215306
ZM,Zoom Communications Inc,70.97,Internet - Software,2025-08-21,34.19%,21471832000.0,3359900.0,22693.0,252101.0,2025-08-04,2025-08-04 08:52:51.007273,,,,,0.2440046262806178,0.23215140414367327,0.20001190853356793,-0.05183700734802932,-0.0840216830149717,-0.0907110826393337
CHWY,Chewy Inc,35.91,Internet Commerce,2025-08-27,53.42%,14910191000.0,3933400.0,50293.0,255460.0,2025-08-04,2025-08-04 08:52:51.007273,,,,,0.2687058812378338,0.26462263556667454,0.3726711046542366,-0.08322695940771008,-0.1357400722021661,-0.05920880272465301
ROKU,Roku Inc,79.98,Broadcast - Radio & TV,2025-07-31,58.15%,11672601000.0,15377899.0,95442.0,273360.0,2025-08-04,2025-08-04 08:52:51.007273,,,,,0.8978037278282749,0.654039717510875,0.5580094475713053,-0.1426733840711759,-0.01780670514552385,0.32658815724000667
LI,Li Auto Inc ADR,25.24,Auto - Foreign,2025-08-27,58.49%,26429056000.0,4796700.0,21016.0,285306.0,2025-08-04,2025-08-04 08:52:51.007273,,,,,0.344915829361283,0.4723724457882799,0.4401371169160354,-0.2062893081761007,-0.04466313398940214,-0.017133956386292892
AEO,American Eagle Outfitters,10.74,Retail - Apparel & Shoes,2025-09-04,53.86%,1860898000.0,13367900.0,26144.0,291674.0,2025-08-04,2025-08-04 08:52:51.007273,,,,,0.5752725678860198,0.4644312533362757,0.5083270353969881,0.08048289738430592,0.1210855949895615,-0.026291931097008114
GE,GE Aerospace,269.38,Aerospace - Defense,2025-07-17,31.54%,285661056000.0,4416200.0,37430.0,300793.0,2025-08-04,2025-08-04 08:52:51.007273,,,,,0.18405647339770959,0.19312624161317143,0.23049502395102275,0.02320811334371564,0.14197295349527317,0.29137104506232014
GAP,Gap Inc,18.84,Retail - Apparel & Shoes,2025-09-04,52.33%,7095220000.0,9621500.0,52270.0,305362.0,2025-08-04,2025-08-04 08:52:51.007273,,,,,0.28345960885796256,0.3258667645755085,0.5984934362198728,-0.06686478454680544,-0.0968360498561841,-0.16821192052980127
TXN,Texas Instruments,180.86,Semi General,2025-07-22,31.60%,164426528000.0,6625000.0,24816.0,307714.0,2025-08-04,2025-08-04 08:52:51.007273,,,,,0.751806604064195,0.5482822935863743,0.4207276205044603,-0.16508170990674909,-0.08817746407864879,0.12272642622136698
ETSY,Etsy Inc,58.77,Internet Commerce,2025-07-30,47.32%,5824636000.0,4640000.0,21500.0,313195.0,2025-08-04,2025-08-04 08:52:51.007273,,,,,0.5356254093050502,0.49874254612518354,0.4503767760479436,-0.014587525150905445,0.06274864376130207,0.3028153402793172
PG,Procter & Gamble Company,150.65,Consumer Prdts - Misc Staple,2025-07-29,17.83%,353205248000.0,8594200.0,43663.0,323366.0,2025-08-04,2025-08-04 08:52:51.007273,,,,,0.18932229867122038,0.17297827712765326,0.16167951353119184,-0.028691166989039285,-0.04663966586508039,-0.05400313971742543
AA,Alcoa Corp,28.4,Metal Products - Distribution,2025-07-16,51.41%,7352817000.0,6930400.0,46197.0,338510.0,2025-08-04,2025-08-04 08:52:51.007273,,,,,0.3813387743838291,0.4394319191855149,0.43873083037569616,-0.06363336630398941,0.0017636684303350414,0.1428571428571428
BX,Blackstone Inc,170.4,Finance - Misc Services,2025-07-24,33.44%,124332016000.0,3663400.0,53435.0,341061.0,2025-08-04,2025-08-04 08:52:51.007273,,,,,0.2593137977597069,0.3275650728311029,0.3110351905936456,0.009957325746799528,0.23936286275365481,0.27164179104477615
ABBV,Abbvie Inc,195.22,Large Cap Pharma,2025-07-31,25.16%,344837184000.0,8081900.0,34939.0,341214.0,2025-08-04,2025-08-04 08:52:51.007273,,,,,0.25831670677653823,0.25088786825269926,0.24430906416551604,0.03149107048504707,0.05245565798695351,0.043120491584290654
LULU,Lululemon Athletica,193.33,Textile - Apparel,2025-09-04,44.27%,23169636000.0,4697800.0,82377.0,348341.0,2025-08-04,2025-08-04 08:52:51.007273,,,,,0.2513789955322375,0.3199878442860444,0.5793266642026147,-0.15859337598468026,-0.15447190028427726,-0.28607828655834566
ADBE,Adobe Systems Inc,347.8,Computer - Software,2025-09-11,33.64%,147536768000.0,4307800.0,47050.0,351315.0,2025-08-04,2025-08-04 08:52:51.007273,,,,,0.19997539752886126,0.1986044782184474,0.2566793856345737,-0.04918122419967741,-0.07999153528727121,-0.09185858269361324
CZR,Caesars Entertainment Inc,25.68,Leisure & Recreation Services,2025-07-29,47.88%,5341235000.0,7823700.0,36545.0,351973.0,2025-08-04,2025-08-04 08:52:51.007273,,,,,0.3858103473454191,0.45554105011140444,0.4532176362981768,-0.14199799532241897,-0.07459459459459461,-0.04357541899441342
MO,Altria Group,61.78,Tobacco,2025-07-30,20.00%,103783664000.0,9689400.0,25846.0,362881.0,2025-08-04,2025-08-04 08:52:51.007273,,,,,0.22191971512252093,0.22910010102236178,0.21014095781991593,0.06480523957256112,0.03849386451504455,0.021494708994709066
WDC,Western Digital Corp,76.55,Computer - Storage Devices,2025-07-30,43.21%,26706612000.0,8789700.0,23544.0,367901.0,2025-08-04,2025-08-04 08:52:51.007273,,,,,0.5616676841580984,0.41870457954544754,0.3190239681737929,0.12573529411764706,0.29329278594357144,0.7283811244073153
IBM,Intl Business Machines,250.05,Computer - Integrated Systems,2025-07-23,27.41%,232395712000.0,9683399.0,47518.0,378228.0,2025-08-04,2025-08-04 08:52:51.007273,,,,,0.4026610022997343,0.3027973380395603,0.25798617622518955,-0.12530171056774053,-0.11708626107835163,0.003733140655105993
ALB,Albemarle Corp,67.9,Chemical - Diversified,2025-07-30,56.38%,7989183000.0,4282500.0,31812.0,386494.0,2025-08-04,2025-08-04 08:52:51.007273,,,,,0.885877246264203,0.7815044090333527,0.5878014901563484,-0.11898274296094447,0.14309764309764317,0.18107496955992342
CRWD,Crowdstrike Holdings Inc,446.66,Security,2025-08-27,46.29%,111329112000.0,3014300.0,45710.0,387557.0,2025-08-04,2025-08-04 08:52:51.007273,,,,,0.22258941322638423,0.25735483807731085,0.35061500618228003,-0.061559794940751256,-0.0793552642427241,0.007784120394395577
V,Visa Inc,339.35,Financial Transaction Services,2025-07-29,21.17%,626155072000.0,8658600.0,49931.0,399874.0,2025-08-04,2025-08-04 08:52:51.007273,,,,,0.15546736827521918,0.1504091799811872,0.21498638596919956,-0.027789714940552934,-0.003026029731476476,-0.024014955421340134
AES,The Aes Corp,13.23,Utility - Electric Power,2025-07-31,46.04%,9418741000.0,19650801.0,27776.0,441453.0,2025-08-04,2025-08-04 08:52:51.007273,,,,,0.2403482697960552,0.7483043319395067,0.625173952339931,-0.010471204188481575,0.25760456273764265,0.267241379310345
AFRM,Affirm Holdings Inc Cl A,66.41,Internet - Software,2025-08-28,76.44%,21423868000.0,4964600.0,38308.0,444854.0,2025-08-04,2025-08-04 08:52:51.007273,,,,,0.29401008921869454,0.41253565111002094,0.645049810100658,-0.03613933236574762,0.0766861219195849,0.3021568627450979
NCLH,Norwegian Cruise Ord,24.5,Leisure & Recreation Services,2025-07-31,49.54%,10946771000.0,21122000.0,36077.0,453185.0,2025-08-04,2025-08-04 08:52:51.007273,,,,,0.5965577427707021,0.49598344668973987,0.4651392267118435,0.03857566765578646,0.3322457857531267,0.4186450492182976
SNOW,Snowflake Inc Cl A,205.02,Internet - Software,2025-08-20,49.32%,68449000000.0,8577900.0,88595.0,457221.0,2025-08-04,2025-08-04 08:52:51.007273,,,,,0.48068492062990736,0.38299241537050827,0.3899291529748926,-0.05472820323666361,-0.03328932478310076,0.2170970614425647
JNJ,Johnson & Johnson,167.33,Large Cap Pharma,2025-07-16,17.86%,402987392000.0,8928199.0,49331.0,465597.0,2025-08-04,2025-08-04 08:52:51.007273,,,,,0.19247019152538122,0.2610571590341249,0.2067810346996186,0.0221747098350642,0.1101306972732703,0.08325241147148321
KHC,Kraft Heinz Company,27.41,Food - Misc & Diversified,2025-07-30,24.01%,32442448000.0,16940500.0,21219.0,480362.0,2025-08-04,2025-08-04 08:52:51.007273,,,,,0.3368249194918426,0.31135385411721106,0.2451731946334649,-0.014737598849748346,0.06736760124610597,-0.03485915492957736
BRK.B,Berkshire Hathaway Cl B,472.84,Insurance - Proprty & Casualty,2025-08-02,17.50%,1020074240000.0,5287400.0,40077.0,482997.0,2025-08-04,2025-08-04 08:52:51.007273,,,,,0.11096859786471655,0.10638173119667552,0.12505640158139394,-0.0020261713803293446,-0.025353506204394582,-0.07707922627993691
VFC,V.F. Corp,11.66,Textile - Apparel,2025-07-30,59.93%,4554594000.0,13588500.0,24308.0,487769.0,2025-08-04,2025-08-04 08:52:51.007273,,,,,0.6231202313793159,0.5282342189830437,0.661714591529816,-0.04893964110929849,-0.008503401360544172,-0.04504504504504514
KMI,Kinder Morgan Inc,28.1,Oil - Production & Pipeline,2025-07-16,25.40%,62440140000.0,16329301.0,24542.0,490028.0,2025-08-04,2025-08-04 08:52:51.007273,,,,,0.2372221875574824,0.20325839150731137,0.20053517280110336,0.007890961262553953,0.01922379397896279,0.03270856302829839
BE,Bloom Energy Corp Cl A,36.72,Other Alt Energy,2025-07-31,79.90%,8527449000.0,17502301.0,53352.0,500269.0,2025-08-04,2025-08-04 08:52:51.007273,,,,,1.0336711782944275,1.069514820371227,0.815767095341368,0.4693877551020409,0.7079069767441859,1.2472460220318236
HPE,Hewlett Packard Enterprise Comp,19.81,Computer - Integrated Systems,2025-09-03,41.67%,25994998000.0,14724500.0,22811.0,503670.0,2025-08-04,2025-08-04 08:52:51.007273,,,,,0.27988006348355227,0.2759109629921741,0.34182886918050215,-0.06158218853623876,0.11417322834645649,0.2013341419041843
AI,C3.Ai Inc Cl A,22.43,IT Services,2025-09-03,65.46%,3014278000.0,7492400.0,39984.0,506386.0,2025-08-04,2025-08-04 08:52:51.007273,,,,,0.6237626814233982,0.5688777704056129,0.6440823505579814,-0.21873911529083945,-0.07160596026490063,0.027956003666361084
UPS,United Parcel Service,84.5,Transportation - Air Freight,2025-07-29,28.51%,71554432000.0,11276601.0,60464.0,507683.0,2025-08-04,2025-08-04 08:52:51.007273,,,,,0.6202821535496554,0.45904753205794024,0.350221916539983,-0.1483571860511993,-0.14827134361455496,-0.0992431510499947
CSX,CSX Corp,35.01,Transportation - Rail,2025-07-23,25.44%,65268336000.0,19266500.0,35934.0,512649.0,2025-08-04,2025-08-04 08:52:51.007273,,,,,0.20279026903148883,0.22259636450009646,0.2133469875956335,0.018028496656004478,0.08591811414392048,0.24635101459594155
PEP,Pepsico Inc,139.28,Beverages - Soft,2025-07-17,20.72%,190685040000.0,7630800.0,25923.0,518886.0,2025-08-04,2025-08-04 08:52:51.007273,,,,,0.2847976515107944,0.34365429285824967,0.24389974735825679,-0.027645908963976562,0.07910436197412274,0.06532048340217211
CCJ,Cameco Corp,72.93,Mining - Misc,2025-07-31,46.71%,31752772000.0,6061700.0,43160.0,520042.0,2025-08-04,2025-08-04 08:52:51.007273,,,,,0.2767944512561862,0.3369879869133843,0.44340025721593346,-0.07648474104090153,0.046792019520597083,0.5146417445482867
KSS,Kohl's Corp,10.73,Retail - Regional Dept Stores,2025-08-27,67.57%,1202211000.0,6803100.0,34965.0,522704.0,2025-08-04,2025-08-04 08:52:51.007273,,,,,2.1013713940680576,1.4744131728714682,1.0183495428381333,0.1200417536534446,0.28966346153846145,0.6457055214723928
BIDU,Baidu Inc ADR,86.13,Internet - Services,2025-08-20,42.20%,29753348000.0,2619900.0,44335.0,523409.0,2025-08-04,2025-08-04 08:52:51.007273,,,,,0.3500242303939001,0.5135104912225187,0.3816534711463599,-0.01913221728732495,0.01880766501064568,-0.05590266359750096
ENPH,Enphase Energy Inc,31.43,Solar,2025-07-22,69.21%,4109504000.0,7597100.0,44765.0,525579.0,2025-08-04,2025-08-04 08:52:51.007273,,,,,0.8758334103377476,0.6857876019055219,1.0095640403272315,-0.20591207680646784,-0.1360637713029138,-0.28356507864144054
CVNA,Carvana Company Cl A,367.78,Internet Commerce,2025-07-30,66.34%,78757512000.0,5050500.0,149516.0,536486.0,2025-08-04,2025-08-04 08:52:51.007273,,,,,0.9335526211356804,0.6718776117594146,0.5772725896707166,0.058298802946592954,0.19443993374687385,0.42104246358332365
GM,General Motors Company,52.53,Auto - Domestic,2025-07-22,35.18%,50012656000.0,9540400.0,30122.0,536511.0,2025-08-04,2025-08-04 08:52:51.007273,,,,,0.6718338745300723,0.47502993304215163,0.3666201386182979,-0.012965050732807182,0.09232688708671244,0.15552133743950725
CRM,Salesforce Inc,250.74,Computer - Software,2025-08-27,34.27%,239707440000.0,7646800.0,72049.0,549104.0,2025-08-04,2025-08-04 08:52:51.007273,,,,,0.22231323833853212,0.21397551752708321,0.25156491751427185,-0.04436313743425557,-0.033757225433525995,-0.08274802458296748
RDDT,Reddit Inc Cl A,188.64,Internet - Software,2025-07-31,74.66%,34808040000.0,27258199.0,368119.0,559366.0,2025-08-04,2025-08-04 08:52:51.007273,,,,,0.9018511253402627,0.7165261802106844,0.6877965586229409,0.2725310307609281,0.3363559081892886,0.7150650059096282
UAL,United Airlines Holdings Inc,84.57,Transportation - Airline,2025-07-16,51.63%,27378016000.0,7304100.0,30536.0,559470.0,2025-08-04,2025-08-04 08:52:51.007273,,,,,0.27967381986817247,0.5929121602312836,0.5193101365028191,-0.08325203252032531,0.1382234185733513,0.15029923830250258
LRCX,Lam Research Corp,96.37,Electronics - Semiconductors,2025-07-30,43.46%,123268608000.0,16601000.0,44020.0,574852.0,2025-08-04,2025-08-04 08:52:51.007273,,,,,0.34331206429818734,0.27301219938650206,0.3308762099431922,-0.04261871647128945,0.04477450130095417,0.3172498633132861
RBLX,Roblox Corp Cl A,125.03,Gaming,2025-07-31,50.26%,84805848000.0,15011700.0,103490.0,611073.0,2025-08-04,2025-08-04 08:52:51.007273,,,,,0.823906986112111,0.6590188813717409,0.44176758475762384,0.004257028112449879,0.21802240623477842,0.7667090575102447
QCOM,Qualcomm Inc,148.19,Electronics - Semiconductors,2025-07-30,37.99%,159897008000.0,12706699.0,60127.0,617012.0,2025-08-04,2025-08-04 08:52:51.007273,,,,,0.4729100420838585,0.3516433102268791,0.2948035097821447,-0.0427002583979329,-0.03540975069973307,0.05925661186561815
FSLR,First Solar Inc,183.97,Solar,2025-07-31,58.91%,19729680000.0,5804700.0,52234.0,618046.0,2025-08-04,2025-08-04 08:52:51.007273,,,,,0.3516818428778155,0.4969828837058226,0.8159303076605867,0.046175717941427274,0.28050393262337314,0.45132533922372975
DELL,Dell Technologies Inc,127.32,Computer - Micro,2025-08-28,49.64%,86431048000.0,5520900.0,32646.0,620368.0,2025-08-04,2025-08-04 08:52:51.007273,,,,,0.36654599108133956,0.3474390623401219,0.3488690205556879,-0.02986894239561122,0.09231297185998621,0.3551889302820648
CVS,CVS Corp,62.47,Medical Services,2025-07-31,35.34%,79025744000.0,11382001.0,43402.0,643025.0,2025-08-04,2025-08-04 08:52:51.007273,,,,,0.40221925006190795,0.29750836136347164,0.30543864740037446,0.008231116849580333,-0.06538001196888099,-0.05677185565453724
DOW,Dow Inc,21.79,Chemical - Diversified,2025-07-24,32.85%,15445711000.0,25059000.0,63481.0,654698.0,2025-08-04,2025-08-04 08:52:51.007273,,,,,1.070511077447244,0.8328250621247979,0.574231914424324,-0.2311220889202541,-0.2354385964912281,-0.24340277777777786
TGT,Target Corp,99.77,Retail - Discount,2025-08-20,36.28%,45331496000.0,5021700.0,50880.0,673765.0,2025-08-04,2025-08-04 08:52:51.007273,,,,,0.33083714498976236,0.2904108212742802,0.3429121167602509,-0.03566595785810944,0.04888561816652648,0.06534970635344362
SBUX,Starbucks Corp,86.86,Retail - Restaurants,2025-07-29,30.85%,98733760000.0,16221301.0,83190.0,678699.0,2025-08-04,2025-08-04 08:52:51.007273,,,,,0.36247587777177886,0.2742651461640795,0.2969685462692695,-0.07398720682302773,-0.05873428695275251,0.04928726745590728
BMY,Bristol-Myers Squibb Company,44.23,Medical - Biomedical,2025-07-31,29.30%,90011632000.0,18629400.0,74784.0,698087.0,2025-08-04,2025-08-04 08:52:51.007273,,,,,0.4086557278308887,0.3545723638003866,0.30767512720419804,-0.06608952702702708,-0.05572160546541427,-0.07021231868824895
KO,Coca-Cola Company,68.86,Beverages - Soft,2025-07-22,17.85%,296350528000.0,16107500.0,52935.0,717054.0,2025-08-04,2025-08-04 08:52:51.007273,,,,,0.1771230433504463,0.1571377197732794,0.1595232774134451,-0.014173228346456623,-0.005057072677358665,-0.039877300613496924
CNC,Centene Corp,25.91,Medical - HMO,2025-07-25,36.89%,12725256000.0,17561100.0,33396.0,723110.0,2025-08-04,2025-08-04 08:52:51.007273,,,,,0.7720743733083472,0.5812718215254606,1.134302570913817,-0.07298747763864044,-0.5301903898458749,-0.5658512064343164
CMCSA,Comcast Corp A,32.52,Cable TV,2025-07-31,26.98%,121420064000.0,22399701.0,36340.0,744588.0,2025-08-04,2025-08-04 08:52:51.007273,,,,,0.34095767265396115,0.2816920726370112,0.21805748115107382,-0.058482918355529656,-0.05078809106830107,-0.05711800521890398
JPM,JP Morgan Chase & Company,289.37,Finance - Investment Brokers,2025-07-15,24.24%,804186368000.0,12007101.0,71577.0,748041.0,2025-08-04,2025-08-04 08:52:51.007273,,,,,0.17949640561823432,0.19946254104977876,0.17271239400388053,-0.0065231572080886036,0.05624908745802326,0.16096288866599795
VRT,Vertiv Holdings Llc.,141.59,IT Services,2025-07-30,62.23%,53960656000.0,11014900.0,90607.0,758956.0,2025-08-04,2025-08-04 08:52:51.007273,,,,,0.40691486525961157,0.4320332938644124,0.42338729528760183,0.09708662637532939,0.1890325831373867,0.5146555412922551
SLB,Schlumberger N.V.,33.05,Oil - Field Services,2025-07-18,32.58%,44658780000.0,17071301.0,24141.0,759309.0,2025-08-04,2025-08-04 08:52:51.007273,,,,,0.3293040104532311,0.3671001043674259,0.32390534298749996,-0.008103241296518737,-0.07810320781032087,-0.01578320428826685
MRK,Merck & Company,79.29,Large Cap Pharma,2025-07-29,28.27%,199099664000.0,11900199.0,47831.0,782852.0,2025-08-04,2025-08-04 08:52:51.007273,,,,,0.35502492250864237,0.29837218840846774,0.30446245918503034,-0.00837918959479722,0.0,0.0031629554655869807
CVX,Chevron Corp,151.4,Oil - International Integrated,2025-08-01,23.42%,264404032000.0,10706400.0,47325.0,787495.0,2025-08-04,2025-08-04 08:52:51.007273,,,,,0.20721184701498244,0.23017592100786527,0.20266161273531602,0.009064249533457858,0.021661380659963703,0.11651917404129808
PARA,Paramount Global Cl B,13.01,Media Conglomerates,2025-07-31,59.69%,8770796000.0,9689800.0,74274.0,816448.0,2025-08-04,2025-08-04 08:52:51.007273,,,,,0.37451528440828974,0.29333155695435054,0.22658462573123894,0.0015396458814471714,0.08056478405315626,0.1313043478260869
DAL,Delta Air Lines Inc,51.15,Transportation - Airline,2025-07-10,43.20%,33398290000.0,9535000.0,50957.0,830998.0,2025-08-04,2025-08-04 08:52:51.007273,,,,,0.2477545387736097,0.5017265073949821,0.44848387835214765,-0.09131284419968022,0.07548359966358276,0.14148627538495862
MRNA,Moderna Inc,27.6,Medical - Biomedical,2025-08-01,71.15%,10676012000.0,16282200.0,195299.0,884746.0,2025-08-04,2025-08-04 08:52:51.007273,,,,,0.7240311149175678,0.6612204488496161,0.5747446588224908,-0.11676263595649394,0.08700787401574805,0.13016782644289804
ARM,Arm Holdings Plc ADR,137.58,Electronics - Semiconductors,2025-07-30,60.52%,145355200000.0,7673300.0,93737.0,886355.0,2025-08-04,2025-08-04 08:52:51.007273,,,,,0.8005586567163371,0.631728009834225,0.5293474301094081,-0.12224065331121603,-0.057993837726805886,0.12365240117608645
CLF,Cleveland-Cliffs Inc,10.06,Steel - Producers,2025-07-21,64.20%,4976632000.0,20098699.0,39807.0,933177.0,2025-08-04,2025-08-04 08:52:51.007273,,,,,0.8385162295494084,0.7502117871438946,0.8785681649679302,0.06118143459915615,0.37244201909959074,0.16840882694541248
XOM,Exxon Mobil Corp,109.64,Oil - International Integrated,2025-08-01,23.88%,472508832000.0,19652000.0,82678.0,934305.0,2025-08-04,2025-08-04 08:52:51.007273,,,,,0.15818665611836594,0.21360782895018032,0.21065124763188403,0.017351767653335903,-0.03136319462850068,0.04708241810715319
NEM,Newmont Mining Corp,62.59,Mining - Gold,2025-07-24,34.96%,68751984000.0,11280000.0,21152.0,954501.0,2025-08-04,2025-08-04 08:52:51.007273,,,,,0.45836391115371417,0.4395889580800705,0.39064463079057465,0.0756143667296787,0.07432200480604201,0.1461270829518404
ORCL,Oracle Corp,244.42,Computer - Software,2025-09-08,35.74%,686534976000.0,12718200.0,109436.0,970805.0,2025-08-04,2025-08-04 08:52:51.007273,,,,,0.2742922893909303,0.28327933786026543,0.40820025835097734,-0.0041963740069260735,0.15910276473656748,0.6548408937034529
VZ,Verizon Communications Inc,42.88,Wireless National,2025-07-21,20.85%,180796016000.0,20841301.0,51938.0,996440.0,2025-08-04,2025-08-04 08:52:51.007273,,,,,0.22891408121958542,0.1978371629291965,0.17416391097963313,0.04995102840352583,0.029037676985841143,-0.0287655719139297
CMG,Chipotle Mexican Grill,42.52,Retail - Restaurants,2025-07-23,34.56%,57014432000.0,19124199.0,98750.0,1001958.0,2025-08-04,2025-08-04 08:52:51.007273,,,,,0.723066709217657,0.5388944650986965,0.41304908169364296,-0.21157055442239936,-0.17962569940189066,-0.1556791104050833
WMT,Walmart Inc,98.49,Retail - Supermarket,2025-08-21,24.02%,785991360000.0,16750400.0,97799.0,1058275.0,2025-08-04,2025-08-04 08:52:51.007273,,,,,0.08375305378311994,0.1495745686688326,0.1469331777030691,0.03619147816938462,0.035755599957934425,-0.0006088280060883022
T,AT&T Inc,27.75,Wireless National,2025-07-23,23.99%,198423216000.0,38817000.0,55133.0,1089619.0,2025-08-04,2025-08-04 08:52:51.007273,,,,,0.1490725136388575,0.15776358291632933,0.19844783271276126,0.030066815144766057,0.0032537960954446277,-0.01455965909090906
MRVL,Marvell Technology Inc,74.45,Electronics - Semiconductors,2025-09-04,55.29%,64312216000.0,28877000.0,119858.0,1103208.0,2025-08-04,2025-08-04 08:52:51.007273,,,,,0.5907018932495078,0.4791205740411931,0.5362216259377434,-0.0026791694574682667,-0.006671114076050699,0.21610584776216935
FCX,Freeport-Mcmoran Inc,40.03,Mining - Non Ferrous,2025-07-23,40.03%,57526032000.0,15601100.0,102889.0,1132387.0,2025-08-04,2025-08-04 08:52:51.007273,,,,,0.5543000902701224,0.4535886941540635,0.3815588109726263,-0.10647321428571421,-0.027926177756192327,0.055643459915611704
BA,Boeing Company,221.9,Aerospace - Defense,2025-07-29,36.49%,167791456000.0,8572100.0,133584.0,1143092.0,2025-08-04,2025-08-04 08:52:51.007273,,,,,0.29727605814617647,0.25893862716734806,0.28130898821341055,-0.032440917415191395,0.1225212464589236,0.19326736932673683
RKT,Rocket Companies Inc Cl A,16.54,Finance - Mortgage & Rel Svs,2025-07-31,59.26%,33082516000.0,55979301.0,368813.0,1174147.0,2025-08-04,2025-08-04 08:52:51.007273,,,,,0.8913569379573968,0.7004667342784568,0.5578818112435006,0.18227305218012857,0.19941986947063084,0.43451864700780574
COIN,Coinbase Global Inc Cl A,314.69,Finance - Misc Services,2025-07-31,71.79%,79893184000.0,31342201.0,708839.0,1256559.0,2025-08-04,2025-08-04 08:52:51.007273,,,,,0.8846483151801021,0.7510933330301548,0.8667220172823425,-0.2503454190290152,0.0656981272647228,0.5983036213113921
WFC,Wells Fargo & Company,77.78,Finance - Investment Brokers,2025-07-15,29.22%,253110256000.0,16071300.0,67640.0,1318398.0,2025-08-04,2025-08-04 08:52:51.007273,,,,,0.2748617075608685,0.2946048947459944,0.2458633429040471,-0.03546626984126988,0.04067433770404083,0.0585193249863909
CCL,Carnival Corp,29.07,Leisure & Recreation Services,2025-06-24,45.65%,33936436000.0,26986502.0,70583.0,1336690.0,2025-08-04,2025-08-04 08:52:51.007273,,,,,0.2790123077797615,0.24966430997278222,0.4002550395041957,-0.01624365482233503,0.23125794155019075,0.48847926267281094
PDD,Pdd Holdings Inc,110.06,Internet Commerce,2025-08-25,46.44%,153219584000.0,7646100.0,53356.0,1372669.0,2025-08-04,2025-08-04 08:52:51.007273,,,,,0.3383904578509696,0.2925279487703471,0.42493990095438744,0.009724770642201896,0.07638141809290966,-0.011318720804886717
PYPL,Paypal Holdings,67.11,Financial Transaction Services,2025-07-29,36.09%,64115420000.0,15181100.0,180064.0,1427190.0,2025-08-04,2025-08-04 08:52:51.007273,,,,,0.5079769412544565,0.44258464204029047,0.3394006214265786,-0.09518673318053128,-0.021292110252296825,-0.013813372520205647
GME,Gamestop Corp,22.1,Gaming,2025-09-09,81.00%,9886126000.0,7878400.0,229701.0,1561955.0,2025-08-04,2025-08-04 08:52:51.007273,,,,,0.2721568139326515,0.28671763442871956,0.7150426872531336,-0.05068728522336763,-0.057167235494880564,-0.15130568356374796
GOOG,Alphabet Cl C,189.95,Internet - Services,2025-07-23,30.48%,2305043200000.0,21236699.0,185757.0,1564178.0,2025-08-04,2025-08-04 08:52:51.007273,,,,,0.23121077853846994,0.19575349738479347,0.2893199416001056,0.021566096590297956,0.09179216001839285,0.1498184019370461
PCG,Pacific Gas & Electric Company,14.12,Utility - Electric Power,2025-07-31,30.66%,37777056000.0,27507998.0,169416.0,1659278.0,2025-08-04,2025-08-04 08:52:51.007273,,,,,0.1399374580189329,0.1928732461857482,0.2811367174958706,0.04981412639405214,0.003553660270078085,-0.17136150234741787
NKE,Nike Inc,74.62,Shoes and Related Apparel,2025-06-26,35.43%,110206576000.0,11911500.0,67272.0,1672166.0,2025-08-04,2025-08-04 08:52:51.007273,,,,,0.3424327539073463,0.2970212757687631,0.44432048382046024,0.02966744859942061,0.2539069064022854,0.30820476858345036
MU,Micron Technology,104.88,Computer - Integrated Systems,2025-09-24,52.12%,117373832000.0,24003199.0,193349.0,1767763.0,2025-08-04,2025-08-04 08:52:51.007273,,,,,0.4003598342215761,0.3971467973646258,0.3904460063590358,-0.08313663781799108,-0.13905762600558202,0.3026953173518816
TSM,Taiwan Semiconductor ADR,235.21,Semi Fab Foundries,2025-07-17,40.11%,1219927808000.0,13549700.0,155034.0,1769442.0,2025-08-04,2025-08-04 08:52:51.007273,,,,,0.24597258875788788,0.28474974913537315,0.286967113928184,-0.021589018302828555,0.10168618266978924,0.36527745530531686
UNH,Unitedhealth Group Inc,237.77,Medical - HMO,2025-07-29,32.30%,215690688000.0,39989098.0,727138.0,1828457.0,2025-08-04,2025-08-04 08:52:51.007273,,,,,0.6045147320147388,0.45052728622408905,0.6233178559938539,-0.15878294710773033,-0.22600911458333328,-0.39730298344782133
C,Citigroup Inc,91.83,Finance - Investment Brokers,2025-07-15,28.99%,171514016000.0,17725500.0,226930.0,1840701.0,2025-08-04,2025-08-04 08:52:51.007273,,,,,0.2387179360543491,0.2712340210112056,0.24112314219382475,-0.01733547351524889,0.17204850031908103,0.3218655534763206
AVGO,Broadcom Ltd,288.64,Electronics - Semiconductors,2025-09-04,45.96%,1357609984000.0,21428100.0,207386.0,1883391.0,2025-08-04,2025-08-04 08:52:51.007273,,,,,0.32954948144180546,0.2671022996849517,0.32261105883945024,0.018705442224888902,0.14877019820106652,0.44255085211654754
HOOD,Robinhood Markets Inc Cl A,99.9,Finance - Investment Brokers,2025-07-30,68.58%,88457560000.0,76745102.0,919723.0,2314185.0,2025-08-04,2025-08-04 08:52:51.007273,,,,,0.4420733835627946,0.4479560085358716,0.5441799375271644,-0.08966648441771452,0.27504786215698807,1.0517560073937156
F,Ford Motor Company,10.82,Auto - Domestic,2025-07-30,34.98%,43026260000.0,73541398.0,126368.0,2433874.0,2025-08-04,2025-08-04 08:52:51.007273,,,,,0.2776401141972079,0.254434301766961,0.26139083077151326,-0.03046594982078854,0.03739213806327912,0.03639846743295028
BABA,Alibaba Group Holding ADR,117.07,Internet Commerce,2025-08-21,41.53%,279252832000.0,12424199.0,195926.0,2461426.0,2025-08-04,2025-08-04 08:52:51.007273,,,,,0.2977515366532491,0.41733610926164044,0.3862684528843808,-0.026282957664476525,0.0315446294827737,-0.08295472348425503
BAC,Bank of America Corp,45.66,Finance - Investment Brokers,2025-07-16,26.56%,343905440000.0,52310398.0,261372.0,2611476.0,2025-08-04,2025-08-04 08:52:51.007273,,,,,0.20317925262006736,0.21256343398798663,0.20275863132296273,-0.03508030431107367,0.013315579227696217,0.11802154750244842
MSTR,Strategy Inc,366.63,Computer - Software,2025-07-31,86.18%,100237752000.0,21808900.0,1276027.0,2646177.0,2025-08-04,2025-08-04 08:52:51.007273,,,,,0.49749991573735813,0.5275438677727491,0.5135443695180597,-0.13371296252540055,-0.006503536297861934,-0.049196058091286354
AAL,American Airlines Gp,11.03,Transportation - Airline,2025-07-24,49.18%,7277914000.0,71614703.0,256189.0,2914236.0,2025-08-04,2025-08-04 08:52:51.007273,,,,,0.562134084213036,0.6435434824652232,0.5131106746675752,-0.11830535571542766,0.042533081285444085,0.057526366251198446
GOOGL,Alphabet Cl A,189.13,Internet - Services,2025-07-23,30.72%,2295092640000.0,34832102.0,437682.0,3654294.0,2025-08-04,2025-08-04 08:52:51.007273,,,,,0.23385017493740645,0.19489707230182413,0.29387964549036055,0.02199286717821236,0.09121855527348255,0.1586718127795137
SOFI,Sofi Technologies Inc,21.23,Finance - Misc Services,2025-07-29,62.47%,23466858000.0,89388398.0,641227.0,3689561.0,2025-08-04,2025-08-04 08:52:51.007273,,,,,0.5646366077564108,0.47083109982283305,0.46736781086455675,-0.02659330582301689,0.3821614583333335,0.6677140612725845
AMZN,Amazon.com Inc,214.75,Internet Commerce,2025-07-31,32.51%,2279861760000.0,122258797.0,1868838.0,4212780.0,2025-08-04,2025-08-04 08:52:51.007273,,,,,0.4776974256147137,0.35250022119139396,0.31010943386995415,-0.05032503427232127,0.01049313005834751,0.16074806767201788
AAPL,Apple Inc,202.38,Computer - Micro,2025-07-31,26.83%,3022712640000.0,104434398.0,2083366.0,5123507.0,2025-08-04,2025-08-04 08:52:51.007273,,,,,0.16025359126174052,0.1434079333723936,0.21863415504829717,-0.041670612747419344,0.02950452741886256,0.01949523953453225
INTC,Intel Corp,19.31,Semi General,2025-07-24,54.15%,84519872000.0,86496094.0,471770.0,5678206.0,2025-08-04,2025-08-04 08:52:51.007273,,,,,0.46811925425131,0.4663799780933733,0.4574597945508397,-0.16406926406926414,-0.10144253140995807,-0.03159478435305929
TSLA,Tesla Inc,302.63,Auto - Domestic,2025-07-23,62.08%,976117632000.0,89121406.0,3468348.0,8260352.0,2025-08-04,2025-08-04 08:52:51.007273,,,,,0.5435035177708571,0.5321522322249118,0.6173488723688803,-0.0819657212194751,-0.060301195466542556,0.09907390593789711
NVDA,Nvidia Corp,173.72,Semi General,2025-08-27,50.32%,4238768000000.0,204528891.0,3892233.0,19962650.0,2025-08-04,2025-08-04 08:52:51.007273,,,,,0.28708257930959435,0.2538263602931772,0.3040237422250619,0.007598167159677427,0.19411602969480346,0.5300334683811871
Downloaded from Barchart.com as of 08-04-2025 02:53am CDT,,,,,,,,,,2025-08-04,2025-08-04 08:52:51.007273,,,,,,,,,,
